Title,URL,Content,Date
www.bnext.com.tw › article › 71939企業想把數據發揮最大價值得重視「資料治理」，兩大建設、四大制度是...,https://www.bnext.com.tw/article/71939/data-governance-how-to,資料治理觀念漸漸被企業重視，但是怎樣建構一套適合企業的資料治理制度與方法也成為命題。 企業數位資料治理藍圖提出一套建構方法，透過二建設四制度來涵蓋整套制度，為企業提供一套制度建立的步驟。,"Sep 30, 2022 ·"
kpmg.com › tw › zh企業要推數據治理，先注意團隊容易在哪卡關？ - KPMG Taiwan,https://kpmg.com/tw/zh/home/insights/2023/08/the-challenge-of-data-governance.html,資料治理，該設定哪些關鍵角色? 在進行資料治理時，首先會針對組織內部的資料擁有者（Data Owner）與資料使用者（Data User）進行角色與權責界定。. 甚至，把分工分得更明確一點，其中包括資料管家（Data Steward）、資料保管人（Data Custodian）共同協助資料治理的 ...,
www2.deloitte.com › tw › tc數據浪潮來襲，企業如何穩健打底，數據平台建置與數據治理實務分享 | ...,https://www2.deloitte.com/tw/tc/pages/strategy-operations/articles/data-platform-construction-and-governance-practice-sharing.html,數據治理：治理組織、數據目錄、商業定義、技術定義、資料品質規則、權責單位、數據管理流程。 MVP1最終成果將協助企業達成以下核心目的： 數據建置並且體現數據價值，每個MVP先定義明確的關鍵優化點，確保MVP過程持續聚焦，上線時方可展現其數據價值與 ...,
www.ibm.com › cn-zh › topics什么是数据治理？ | IBM,https://www.ibm.com/cn-zh/topics/data-governance,什么是数据治理？. 数据治理通过不同的策略和标准提高组织数据的可用性、质量和安全性。. 这些流程确定数据所有者、数据安全措施和数据的预期用途。. 总体而言，数据治理的目标是维护安全且易于访问的高质量数据，以获取更深入的业务洞察。. 大数据和 ...,
mile.cloud › zh › resources企業要搭上數據驅動營運浪潮，為何「數據治理」成關鍵棋？,https://mile.cloud/zh/resources/media-center/why-is-data-governance-a-critical-move-for-businesses-to-embrace-the-wave-of-data-driven-operations_645,「數據治理，是企業轉型數據驅動型組織的第一步。」CloudMile 營運長高斌桓認為，越來越多企業希望建立數據驅動文化，以數據作為決策和行動的基礎，在這過程中，如果沒有落實數據治理、建立數據存取原則的話，很可能會遇到以下各種問題，像是因為資料 ...,
tl-ph.facebook.com › yonyoutw › posts台灣用友資訊軟體有限公司 - 制定一個強大的 #數據治理...,https://tl-ph.facebook.com/yonyoutw/posts/%E5%88%B6%E5%AE%9A%E4%B8%80%E5%80%8B%E5%BC%B7%E5%A4%A7%E7%9A%84-%E6%95%B8%E6%93%9A%E6%B2%BB%E7%90%86-%E7%AD%96%E7%95%A5%E7%A2%BA%E4%BF%9D%E4%BC%81%E6%A5%AD%E6%95%B8%E6%93%9A%E5%9C%A8%E6%BB%BF%E8%B6%B3%E5%AE%89%E5%85%A8%E5%92%8C%E5%90%88%E8%A6%8F%E6%80%A7%E8%A6%81%E6%B1%82%E7%9A%84%E5%90%8C%E6%99%82%E6%9B%B4%E6%98%93%E6%96%BC%E8%A8%AA%E5%95%8F%E5%92%8C%E7%AE%A1%E7%90%86%E5%B7%B2%E6%88%90%E7%82%BA-%E4%BC%81%E6%A5%AD%E6%95%B8%E4%BD%8D%E5%8C%96%E8%BD%89%E5%9E%8B-%E9%81%8E%E7%A8%8B%E4%B8%AD%E5%BF%85%E4%BF%AE%E7%9A%84%E4%B8%80%E5%80%8B%E8%AA%B2%E9%A1%8C-%E7%82%BA%E4%BA%86%E5%B9%AB%E5%8A%A9%E6%9B%B4%E5%A4%9A%E4%BC%81%E6%A5%AD%E8%A7%A3%E6%B1%BA%E6%95%B8%E6%93%9A%E6%B2%BB%E7%90%86/7772528232822423/,制定一個強大的 #數據治理 策略，確保企業數據在滿足安全和合規性要求的同時，更易於訪問和管理，已成為 # ...,
tl-ph.facebook.com › huangxinjianhsinchienhuang#2022智慧城市展 #數據治理 ＃美學導入數據科技藝術... - 黃心健 Hsin-Chien...,https://tl-ph.facebook.com/huangxinjianhsinchienhuang/posts/2022%E6%99%BA%E6%85%A7%E5%9F%8E%E5%B8%82%E5%B1%95-%E6%95%B8%E6%93%9A%E6%B2%BB%E7%90%86-%E7%BE%8E%E5%AD%B8%E5%B0%8E%E5%85%A5%E6%95%B8%E6%93%9A%E7%A7%91%E6%8A%80%E8%97%9D%E8%A1%93-2022%E6%99%BA%E6%85%A7%E5%9F%8E%E5%B8%82%E5%B1%95%E5%8D%B3%E6%97%A5%E8%B5%B7%E8%87%B3325%E6%96%BC%E5%8F%B0%E5%8C%97%E5%8D%97%E6%B8%AF%E5%B1%95%E8%A6%BD%E9%A4%A82%E9%A4%A8%E5%B1%95%E5%87%BA%E4%BB%8A%E5%B9%B4%E5%8F%B0%E5%8C%97%E9%A4%A8%E7%9A%84%E5%B1%95%E8%A6%BD%E8%81%9A%E7%84%A6%E6%95%B8%E6%93%9A%E6%B2%BB%E7%90%86%E5%B1%95%E7%A4%BA%E5%89%B5%E6%96%B0%E5%8F%8A%E8%B7%A8%E9%A0%98%E5%9F%9F%E6%87%89%E7%94%A8%E5%85%B6%E4%B8%AD/2237317269742551/,#2022智慧城市展 #數據治理 ＃美學導入數據科技藝術...,
mt-mt.facebook.com › bwnet › posts商業周刊（商周.com） - #數位轉型 #數據治理 #ESG...,https://mt-mt.facebook.com/bwnet.fans/posts/%E6%95%B8%E4%BD%8D%E8%BD%89%E5%9E%8B-%E6%95%B8%E6%93%9A%E6%B2%BB%E7%90%86-esg%E4%BF%84%E7%83%8F%E6%88%B0%E7%88%AD%E6%8E%80%E8%B5%B7%E6%88%B0%E7%88%AD%E5%8F%B2%E4%B8%8A%E6%9C%80%E5%A4%A7%E8%A6%8F%E6%A8%A1%E7%9A%84%E7%B6%B2%E8%BB%8D%E8%88%87%E6%95%B8%E6%93%9A%E6%88%B0%E4%B8%8D%E5%83%85%E5%90%84%E5%9C%8B%E6%83%85%E5%A0%B1%E5%96%AE%E4%BD%8D%E8%88%87%E8%B7%A8%E5%9C%8B%E9%A7%AD%E5%AE%A2%E7%B5%84%E7%B9%94%E9%80%A3%E7%A7%91%E6%8A%80%E5%B7%A8%E9%A0%AD%E5%A6%82%E5%BE%AE%E8%BB%9F%E7%AD%89%E9%83%BD%E5%8A%A0%E5%85%A5%E9%80%99%E5%A0%B4%E6%88%B0%E5%BD%B9%E9%99%A4%E4%BA%86%E7%9C%8B%E7%86%B1%E9%AC%A7%E9%82%84%E8%83%BD%E5%BE%9E%E4%B8%AD%E7%9C%8B%E5%87%BA%E4%BB%80%E9%BA%BC%E9%96%80%E9%81%93/10158362974891837/,#數位轉型 #數據治理 #ESG 俄烏戰爭掀起戰爭史上最大規模的網軍與數據戰，不僅各國情報單位與跨國駭客組織 ...,
ur-pk.facebook.com › bwnet › posts商業周刊（商周.com） - #數位轉型 #數據治理 #ESG...,https://ur-pk.facebook.com/bwnet.fans/posts/%E6%95%B8%E4%BD%8D%E8%BD%89%E5%9E%8B-%E6%95%B8%E6%93%9A%E6%B2%BB%E7%90%86-esg%E4%BF%84%E7%83%8F%E6%88%B0%E7%88%AD%E6%8E%80%E8%B5%B7%E6%88%B0%E7%88%AD%E5%8F%B2%E4%B8%8A%E6%9C%80%E5%A4%A7%E8%A6%8F%E6%A8%A1%E7%9A%84%E7%B6%B2%E8%BB%8D%E8%88%87%E6%95%B8%E6%93%9A%E6%88%B0%E4%B8%8D%E5%83%85%E5%90%84%E5%9C%8B%E6%83%85%E5%A0%B1%E5%96%AE%E4%BD%8D%E8%88%87%E8%B7%A8%E5%9C%8B%E9%A7%AD%E5%AE%A2%E7%B5%84%E7%B9%94%E9%80%A3%E7%A7%91%E6%8A%80%E5%B7%A8%E9%A0%AD%E5%A6%82%E5%BE%AE%E8%BB%9F%E7%AD%89%E9%83%BD%E5%8A%A0%E5%85%A5%E9%80%99%E5%A0%B4%E6%88%B0%E5%BD%B9%E9%99%A4%E4%BA%86%E7%9C%8B%E7%86%B1%E9%AC%A7%E9%82%84%E8%83%BD%E5%BE%9E%E4%B8%AD%E7%9C%8B%E5%87%BA%E4%BB%80%E9%BA%BC%E9%96%80%E9%81%93/10158362974891837/,#數位轉型 #數據治理 #ESG 俄烏戰爭掀起戰爭史上最大規模的網軍與數據戰，不僅各國情報單位與跨國駭客組織 ...,"May 11, 2022 ·"
gn-py.facebook.com › bwnet › posts商業周刊（商周.com） - #數位轉型 #數據治理 #ESG...,https://gn-py.facebook.com/bwnet.fans/posts/%E6%95%B8%E4%BD%8D%E8%BD%89%E5%9E%8B-%E6%95%B8%E6%93%9A%E6%B2%BB%E7%90%86-esg%E4%BF%84%E7%83%8F%E6%88%B0%E7%88%AD%E6%8E%80%E8%B5%B7%E6%88%B0%E7%88%AD%E5%8F%B2%E4%B8%8A%E6%9C%80%E5%A4%A7%E8%A6%8F%E6%A8%A1%E7%9A%84%E7%B6%B2%E8%BB%8D%E8%88%87%E6%95%B8%E6%93%9A%E6%88%B0%E4%B8%8D%E5%83%85%E5%90%84%E5%9C%8B%E6%83%85%E5%A0%B1%E5%96%AE%E4%BD%8D%E8%88%87%E8%B7%A8%E5%9C%8B%E9%A7%AD%E5%AE%A2%E7%B5%84%E7%B9%94%E9%80%A3%E7%A7%91%E6%8A%80%E5%B7%A8%E9%A0%AD%E5%A6%82%E5%BE%AE%E8%BB%9F%E7%AD%89%E9%83%BD%E5%8A%A0%E5%85%A5%E9%80%99%E5%A0%B4%E6%88%B0%E5%BD%B9%E9%99%A4%E4%BA%86%E7%9C%8B%E7%86%B1%E9%AC%A7%E9%82%84%E8%83%BD%E5%BE%9E%E4%B8%AD%E7%9C%8B%E5%87%BA%E4%BB%80%E9%BA%BC%E9%96%80%E9%81%93/10158362974891837/,#數位轉型 #數據治理 #ESG 俄烏戰爭掀起戰爭史上最大規模的網軍與數據戰，不僅各國情報單位與跨國駭客組織 ...,"May 11, 2022 ·"
es-la.facebook.com › bwnet › posts商業周刊（商周.com） - #數位轉型 #數據治理 #ESG...,https://es-la.facebook.com/bwnet.fans/posts/%E6%95%B8%E4%BD%8D%E8%BD%89%E5%9E%8B-%E6%95%B8%E6%93%9A%E6%B2%BB%E7%90%86-esg%E4%BF%84%E7%83%8F%E6%88%B0%E7%88%AD%E6%8E%80%E8%B5%B7%E6%88%B0%E7%88%AD%E5%8F%B2%E4%B8%8A%E6%9C%80%E5%A4%A7%E8%A6%8F%E6%A8%A1%E7%9A%84%E7%B6%B2%E8%BB%8D%E8%88%87%E6%95%B8%E6%93%9A%E6%88%B0%E4%B8%8D%E5%83%85%E5%90%84%E5%9C%8B%E6%83%85%E5%A0%B1%E5%96%AE%E4%BD%8D%E8%88%87%E8%B7%A8%E5%9C%8B%E9%A7%AD%E5%AE%A2%E7%B5%84%E7%B9%94%E9%80%A3%E7%A7%91%E6%8A%80%E5%B7%A8%E9%A0%AD%E5%A6%82%E5%BE%AE%E8%BB%9F%E7%AD%89%E9%83%BD%E5%8A%A0%E5%85%A5%E9%80%99%E5%A0%B4%E6%88%B0%E5%BD%B9%E9%99%A4%E4%BA%86%E7%9C%8B%E7%86%B1%E9%AC%A7%E9%82%84%E8%83%BD%E5%BE%9E%E4%B8%AD%E7%9C%8B%E5%87%BA%E4%BB%80%E9%BA%BC%E9%96%80%E9%81%93/10158362974891837/,#數位轉型 #數據治理 #ESG 俄烏戰爭掀起戰爭史上最大規模的網軍與數據戰，不僅各國情報單位與跨國駭客組織 ...,
www.madison-data.com › services-2Data Resilience | madison-data,https://www.madison-data.com/services-2,"數據治理 This is a Paragraph. Click on ""Edit Text"" or double click on the text box to start editing the content and make sure to add any relevant details or information that you want to share with your visitors.",
ar-ar.facebook.com › bwnet › posts商業周刊（商周.com） - #數位轉型 #數據治理 #ESG...,https://ar-ar.facebook.com/bwnet.fans/posts/%E6%95%B8%E4%BD%8D%E8%BD%89%E5%9E%8B-%E6%95%B8%E6%93%9A%E6%B2%BB%E7%90%86-esg%E4%BF%84%E7%83%8F%E6%88%B0%E7%88%AD%E6%8E%80%E8%B5%B7%E6%88%B0%E7%88%AD%E5%8F%B2%E4%B8%8A%E6%9C%80%E5%A4%A7%E8%A6%8F%E6%A8%A1%E7%9A%84%E7%B6%B2%E8%BB%8D%E8%88%87%E6%95%B8%E6%93%9A%E6%88%B0%E4%B8%8D%E5%83%85%E5%90%84%E5%9C%8B%E6%83%85%E5%A0%B1%E5%96%AE%E4%BD%8D%E8%88%87%E8%B7%A8%E5%9C%8B%E9%A7%AD%E5%AE%A2%E7%B5%84%E7%B9%94%E9%80%A3%E7%A7%91%E6%8A%80%E5%B7%A8%E9%A0%AD%E5%A6%82%E5%BE%AE%E8%BB%9F%E7%AD%89%E9%83%BD%E5%8A%A0%E5%85%A5%E9%80%99%E5%A0%B4%E6%88%B0%E5%BD%B9%E9%99%A4%E4%BA%86%E7%9C%8B%E7%86%B1%E9%AC%A7%E9%82%84%E8%83%BD%E5%BE%9E%E4%B8%AD%E7%9C%8B%E5%87%BA%E4%BB%80%E9%BA%BC%E9%96%80%E9%81%93/10158362974891837/,#數位轉型 #數據治理 #ESG 俄烏戰爭掀起戰爭史上最大規模的網軍與數據戰，不僅各國情報單位與跨國駭客組織 ...,
ka-ge.facebook.com › DoctorKoWJ › videos交通運輸政策記者會｜以人為本 服務導向 數據治理 永續運輸 |...,https://ka-ge.facebook.com/DoctorKoWJ/videos/%E4%BA%A4%E9%80%9A%E9%81%8B%E8%BC%B8%E6%94%BF%E7%AD%96%E8%A8%98%E8%80%85%E6%9C%83%E4%BB%A5%E4%BA%BA%E7%82%BA%E6%9C%AC-%E6%9C%8D%E5%8B%99%E5%B0%8E%E5%90%91-%E6%95%B8%E6%93%9A%E6%B2%BB%E7%90%86-%E6%B0%B8%E7%BA%8C%E9%81%8B%E8%BC%B8/663307469217904/,臺灣的交通狀況混亂，美國媒體 CNN甚至曾經以「living hell」(行人地獄)來形容，光2022年因為交通事故就造成超過3000人死亡 ...,"Dec 11, 2023 ·"
sw-ke.facebook.com › huangxinjianhsinchienhuang#2022智慧城市展 #數據治理 ＃美學導入數據科技藝術... - 黃心健 Hsin-Chien...,https://sw-ke.facebook.com/huangxinjianhsinchienhuang/posts/2022%E6%99%BA%E6%85%A7%E5%9F%8E%E5%B8%82%E5%B1%95-%E6%95%B8%E6%93%9A%E6%B2%BB%E7%90%86-%E7%BE%8E%E5%AD%B8%E5%B0%8E%E5%85%A5%E6%95%B8%E6%93%9A%E7%A7%91%E6%8A%80%E8%97%9D%E8%A1%93-2022%E6%99%BA%E6%85%A7%E5%9F%8E%E5%B8%82%E5%B1%95%E5%8D%B3%E6%97%A5%E8%B5%B7%E8%87%B3325%E6%96%BC%E5%8F%B0%E5%8C%97%E5%8D%97%E6%B8%AF%E5%B1%95%E8%A6%BD%E9%A4%A82%E9%A4%A8%E5%B1%95%E5%87%BA%E4%BB%8A%E5%B9%B4%E5%8F%B0%E5%8C%97%E9%A4%A8%E7%9A%84%E5%B1%95%E8%A6%BD%E8%81%9A%E7%84%A6%E6%95%B8%E6%93%9A%E6%B2%BB%E7%90%86%E5%B1%95%E7%A4%BA%E5%89%B5%E6%96%B0%E5%8F%8A%E8%B7%A8%E9%A0%98%E5%9F%9F%E6%87%89%E7%94%A8%E5%85%B6%E4%B8%AD/2237317269742551/,#2022智慧城市展 #數據治理 ＃美學導入數據科技藝術... 黃心健 Hsin-Chien Huang · 23 Machi 2022 · · 23 Machi 2022 ·,
es-la.facebook.com › communeitnews › postsIT value研討社 - 「數據治理：數據集成架構的演進」...,https://es-la.facebook.com/communeitnews/posts/%E6%95%B8%E6%93%9A%E6%B2%BB%E7%90%86%E6%95%B8%E6%93%9A%E9%9B%86%E6%88%90%E6%9E%B6%E6%A7%8B%E7%9A%84%E6%BC%94%E9%80%B2%E4%BC%81%E6%A5%AD%E6%87%89%E7%94%A8%E9%9B%86%E6%88%90%E6%8A%80%E8%A1%93%E6%98%AF%E4%BC%B4%E9%9A%A8%E7%9D%80%E4%BC%81%E6%A5%AD%E4%BF%A1%E6%81%AF%E7%B3%BB%E7%B5%B1%E7%9A%84%E7%99%BC%E5%B1%95%E8%80%8C%E7%94%A2%E7%94%9F%E5%92%8C%E6%BC%94%E8%AE%8A%E7%9A%84%E9%9A%A8%E7%9D%80%E6%96%B0%E6%8A%80%E8%A1%93%E7%9A%84%E7%99%BC%E5%B1%95%E5%92%8C%E4%BC%81%E6%A5%AD%E6%A5%AD%E5%8B%99%E9%9C%80%E6%B1%82%E7%9A%84%E8%AE%8A%E5%8C%96%E6%95%B8%E6%93%9A%E9%9B%86%E6%88%90%E6%9E%B6%E6%A7%8B%E4%B9%9F%E8%B7%9F%E7%9D%80%E7%99%BC%E7%94%9F%E7%9D%80%E8%AE%8A%E9%81%B7%E6%95%B8%E6%93%9A%E9%9B%86%E6%88%90%E6%9E%B6%E6%A7%8B%E7%9A%84/605353717616803/,「數據治理：數據集成架構的演進」 企業應用集成技術是伴隨着企業信息系統的發展而產生和演變的 ...,
cy-gb.facebook.com › huangxinjianhsinchienhuang#2022智慧城市展 #數據治理 ＃美學導入數據科技藝術... - 黃心健 Hsin-Chien...,https://cy-gb.facebook.com/huangxinjianhsinchienhuang/posts/2022%E6%99%BA%E6%85%A7%E5%9F%8E%E5%B8%82%E5%B1%95-%E6%95%B8%E6%93%9A%E6%B2%BB%E7%90%86-%E7%BE%8E%E5%AD%B8%E5%B0%8E%E5%85%A5%E6%95%B8%E6%93%9A%E7%A7%91%E6%8A%80%E8%97%9D%E8%A1%93-2022%E6%99%BA%E6%85%A7%E5%9F%8E%E5%B8%82%E5%B1%95%E5%8D%B3%E6%97%A5%E8%B5%B7%E8%87%B3325%E6%96%BC%E5%8F%B0%E5%8C%97%E5%8D%97%E6%B8%AF%E5%B1%95%E8%A6%BD%E9%A4%A82%E9%A4%A8%E5%B1%95%E5%87%BA%E4%BB%8A%E5%B9%B4%E5%8F%B0%E5%8C%97%E9%A4%A8%E7%9A%84%E5%B1%95%E8%A6%BD%E8%81%9A%E7%84%A6%E6%95%B8%E6%93%9A%E6%B2%BB%E7%90%86%E5%B1%95%E7%A4%BA%E5%89%B5%E6%96%B0%E5%8F%8A%E8%B7%A8%E9%A0%98%E5%9F%9F%E6%87%89%E7%94%A8%E5%85%B6%E4%B8%AD/2237317269742551/,#2022智慧城市展 #數據治理 ＃美學導入數據科技藝術... 黃心健 Hsin-Chien Huang · 23 Mawrth 2022 · · 23 Mawrth 2022 ·,
hu-hu.facebook.com › bwnet › posts商業周刊（商周.com） - #數位轉型 #數據治理 #ESG...,https://hu-hu.facebook.com/bwnet.fans/posts/%E6%95%B8%E4%BD%8D%E8%BD%89%E5%9E%8B-%E6%95%B8%E6%93%9A%E6%B2%BB%E7%90%86-esg%E4%BF%84%E7%83%8F%E6%88%B0%E7%88%AD%E6%8E%80%E8%B5%B7%E6%88%B0%E7%88%AD%E5%8F%B2%E4%B8%8A%E6%9C%80%E5%A4%A7%E8%A6%8F%E6%A8%A1%E7%9A%84%E7%B6%B2%E8%BB%8D%E8%88%87%E6%95%B8%E6%93%9A%E6%88%B0%E4%B8%8D%E5%83%85%E5%90%84%E5%9C%8B%E6%83%85%E5%A0%B1%E5%96%AE%E4%BD%8D%E8%88%87%E8%B7%A8%E5%9C%8B%E9%A7%AD%E5%AE%A2%E7%B5%84%E7%B9%94%E9%80%A3%E7%A7%91%E6%8A%80%E5%B7%A8%E9%A0%AD%E5%A6%82%E5%BE%AE%E8%BB%9F%E7%AD%89%E9%83%BD%E5%8A%A0%E5%85%A5%E9%80%99%E5%A0%B4%E6%88%B0%E5%BD%B9%E9%99%A4%E4%BA%86%E7%9C%8B%E7%86%B1%E9%AC%A7%E9%82%84%E8%83%BD%E5%BE%9E%E4%B8%AD%E7%9C%8B%E5%87%BA%E4%BB%80%E9%BA%BC%E9%96%80%E9%81%93/10158362974891837/,#數位轉型 #數據治理 #ESG 俄烏戰爭掀起戰爭史上最大規模的網軍與數據戰，不僅各國情報單位與跨國駭客組織 ...,"May 11, 2022 ·"
es-la.facebook.com › bwnet › posts商業周刊（商周.com） - #數位轉型 #數據治理 #ESG...,https://es-la.facebook.com/bwnet.fans/posts/10158362974891837/,#數位轉型 #數據治理 #ESG 俄烏戰爭掀起戰爭史上最大規模的網軍與數據戰，不僅各國情報單位與跨國駭客組織 ...,
ar-ar.facebook.com › LexcelPartners › posts【鬥陣來關心】金融業之數據治理(Data Governance)... - 惇安法律事務所 Lexcel...,https://ar-ar.facebook.com/LexcelPartners/posts/%E9%AC%A5%E9%99%A3%E4%BE%86%E9%97%9C%E5%BF%83%E9%87%91%E8%9E%8D%E6%A5%AD%E4%B9%8B%E6%95%B8%E6%93%9A%E6%B2%BB%E7%90%86data-governance%E4%BD%9C%E8%80%85-%E6%96%BD%E4%BD%A9%E5%9D%87%E5%BE%8B%E5%B8%AB%E6%A0%B9%E6%93%9A%E5%9C%8B%E9%9A%9B%E6%95%B8%E6%93%9A%E7%AE%A1%E7%90%86%E5%A7%94%E5%93%A1%E6%9C%83%E6%89%80%E7%99%BC%E5%B8%83%E4%B9%8B%E6%95%B8%E6%93%9A%E7%AE%A1%E7%90%86%E7%9F%A5%E8%AD%98%E6%8C%87%E5%8D%97dmbok-v3%E6%95%B8%E6%93%9A%E6%B2%BB%E7%90%86data-gove/2204385906255949/,【鬥陣來關心】金融業之數據治理(Data Governance) 作者: 施佩均律師 根據國際數據管理委員會所發布之數據管理知識指南(DMBOK v.3 ...,
es-la.facebook.com › LexcelPartners › posts【鬥陣來關心】金融業之數據治理(Data Governance)... - 惇安法律事務所 Lexcel...,https://es-la.facebook.com/LexcelPartners/posts/%E9%AC%A5%E9%99%A3%E4%BE%86%E9%97%9C%E5%BF%83%E9%87%91%E8%9E%8D%E6%A5%AD%E4%B9%8B%E6%95%B8%E6%93%9A%E6%B2%BB%E7%90%86data-governance%E4%BD%9C%E8%80%85-%E6%96%BD%E4%BD%A9%E5%9D%87%E5%BE%8B%E5%B8%AB%E6%A0%B9%E6%93%9A%E5%9C%8B%E9%9A%9B%E6%95%B8%E6%93%9A%E7%AE%A1%E7%90%86%E5%A7%94%E5%93%A1%E6%9C%83%E6%89%80%E7%99%BC%E5%B8%83%E4%B9%8B%E6%95%B8%E6%93%9A%E7%AE%A1%E7%90%86%E7%9F%A5%E8%AD%98%E6%8C%87%E5%8D%97dmbok-v3%E6%95%B8%E6%93%9A%E6%B2%BB%E7%90%86data-gove/2204385906255949/,【鬥陣來關心】金融業之數據治理(Data Governance) 作者: 施佩均律師 根據國際數據管理委員會所發布之數據管理知識指南(DMBOK v.3 ...,
cy-gb.facebook.com › bwnet › posts商業周刊（商周.com） - #數位轉型 #數據治理 #ESG...,https://cy-gb.facebook.com/bwnet.fans/posts/%E6%95%B8%E4%BD%8D%E8%BD%89%E5%9E%8B-%E6%95%B8%E6%93%9A%E6%B2%BB%E7%90%86-esg%E4%BF%84%E7%83%8F%E6%88%B0%E7%88%AD%E6%8E%80%E8%B5%B7%E6%88%B0%E7%88%AD%E5%8F%B2%E4%B8%8A%E6%9C%80%E5%A4%A7%E8%A6%8F%E6%A8%A1%E7%9A%84%E7%B6%B2%E8%BB%8D%E8%88%87%E6%95%B8%E6%93%9A%E6%88%B0%E4%B8%8D%E5%83%85%E5%90%84%E5%9C%8B%E6%83%85%E5%A0%B1%E5%96%AE%E4%BD%8D%E8%88%87%E8%B7%A8%E5%9C%8B%E9%A7%AD%E5%AE%A2%E7%B5%84%E7%B9%94%E9%80%A3%E7%A7%91%E6%8A%80%E5%B7%A8%E9%A0%AD%E5%A6%82%E5%BE%AE%E8%BB%9F%E7%AD%89%E9%83%BD%E5%8A%A0%E5%85%A5%E9%80%99%E5%A0%B4%E6%88%B0%E5%BD%B9%E9%99%A4%E4%BA%86%E7%9C%8B%E7%86%B1%E9%AC%A7%E9%82%84%E8%83%BD%E5%BE%9E%E4%B8%AD%E7%9C%8B%E5%87%BA%E4%BB%80%E9%BA%BC%E9%96%80%E9%81%93/10158362974891837/,#數位轉型 #數據治理 #ESG 俄烏戰爭掀起戰爭史上最大規模的網軍與數據戰，不僅各國情報單位與跨國駭客組織 ...,"May 11, 2022 ·"
es-la.facebook.com › huangxinjianhsinchienhuang#2022智慧城市展 #數據治理 ＃美學導入數據科技藝術... - 黃心健 Hsin-Chien Huang |...,https://es-la.facebook.com/huangxinjianhsinchienhuang/posts/2022%E6%99%BA%E6%85%A7%E5%9F%8E%E5%B8%82%E5%B1%95-%E6%95%B8%E6%93%9A%E6%B2%BB%E7%90%86-%E7%BE%8E%E5%AD%B8%E5%B0%8E%E5%85%A5%E6%95%B8%E6%93%9A%E7%A7%91%E6%8A%80%E8%97%9D%E8%A1%93-2022%E6%99%BA%E6%85%A7%E5%9F%8E%E5%B8%82%E5%B1%95%E5%8D%B3%E6%97%A5%E8%B5%B7%E8%87%B3325%E6%96%BC%E5%8F%B0%E5%8C%97%E5%8D%97%E6%B8%AF%E5%B1%95%E8%A6%BD%E9%A4%A82%E9%A4%A8%E5%B1%95%E5%87%BA%E4%BB%8A%E5%B9%B4%E5%8F%B0%E5%8C%97%E9%A4%A8%E7%9A%84%E5%B1%95%E8%A6%BD%E8%81%9A%E7%84%A6%E6%95%B8%E6%93%9A%E6%B2%BB%E7%90%86%E5%B1%95%E7%A4%BA%E5%89%B5%E6%96%B0%E5%8F%8A%E8%B7%A8%E9%A0%98%E5%9F%9F%E6%87%89%E7%94%A8%E5%85%B6%E4%B8%AD/2237317269742551/,#2022智慧城市展 # 數據治理 ＃ 美學導入數據科技藝術. 2022智慧城市展即日起至3/25於台北南港展覽館2館展出 ...,
ro-ro.facebook.com › yonyoutw › videos數據治理提升企業數據質量與價值，幫助 #企業數位轉型 觀看影片了解更多 https://bit.ly...,https://ro-ro.facebook.com/yonyoutw/videos/%E6%95%B8%E6%93%9A%E6%B2%BB%E7%90%86%E6%8F%90%E5%8D%87%E4%BC%81%E6%A5%AD%E6%95%B8%E6%93%9A%E8%B3%AA%E9%87%8F%E8%88%87%E5%83%B9%E5%80%BC%E5%B9%AB%E5%8A%A9-%E4%BC%81%E6%A5%AD%E6%95%B8%E4%BD%8D%E8%BD%89%E5%9E%8B-%E8%A7%80%E7%9C%8B%E5%BD%B1%E7%89%87%E4%BA%86%E8%A7%A3%E6%9B%B4%E5%A4%9A-httpsbitly3nur9uj-%E6%95%B8%E4%BD%8D%E6%99%82%E4%BB%A3%E6%95%B8%E6%93%9A%E8%B3%87%E7%94%A2%E5%B7%B2%E6%88%90%E7%82%BA%E4%BC%81%E6%A5%AD%E7%9A%84%E6%A0%B8%E5%BF%83%E7%AB%B6%E7%88%AD%E5%8A%9B%E7%94%A8%E5%8F%8B-%E6%95%B8%E6%93%9A%E6%B2%BB%E7%90%86-%E9%9D%A2/484633136875468/,數據治理提升企業數據質量與價值，幫助 #企業數位轉型 觀看影片了解更多 https://bit.ly/3NuR9Uj 數位時代 ...,"Sep 29, 2022 ·"
hu-hu.facebook.com › yonyoutw › posts台灣用友資訊軟體有限公司 - 制定一個強大的 #數據治理...,https://hu-hu.facebook.com/yonyoutw/posts/%E5%88%B6%E5%AE%9A%E4%B8%80%E5%80%8B%E5%BC%B7%E5%A4%A7%E7%9A%84-%E6%95%B8%E6%93%9A%E6%B2%BB%E7%90%86-%E7%AD%96%E7%95%A5%E7%A2%BA%E4%BF%9D%E4%BC%81%E6%A5%AD%E6%95%B8%E6%93%9A%E5%9C%A8%E6%BB%BF%E8%B6%B3%E5%AE%89%E5%85%A8%E5%92%8C%E5%90%88%E8%A6%8F%E6%80%A7%E8%A6%81%E6%B1%82%E7%9A%84%E5%90%8C%E6%99%82%E6%9B%B4%E6%98%93%E6%96%BC%E8%A8%AA%E5%95%8F%E5%92%8C%E7%AE%A1%E7%90%86%E5%B7%B2%E6%88%90%E7%82%BA-%E4%BC%81%E6%A5%AD%E6%95%B8%E4%BD%8D%E5%8C%96%E8%BD%89%E5%9E%8B-%E9%81%8E%E7%A8%8B%E4%B8%AD%E5%BF%85%E4%BF%AE%E7%9A%84%E4%B8%80%E5%80%8B%E8%AA%B2%E9%A1%8C-%E7%82%BA%E4%BA%86%E5%B9%AB%E5%8A%A9%E6%9B%B4%E5%A4%9A%E4%BC%81%E6%A5%AD%E8%A7%A3%E6%B1%BA%E6%95%B8%E6%93%9A%E6%B2%BB%E7%90%86/7772528232822423/,制定一個強大的 #數據治理 策略，確保企業數據在滿足安全和合規性要求的同時，更易於訪問和管理，已成為 # ...,"Aug 16, 2022 ·"
lv-lv.facebook.com › bwnet › posts商業周刊（商周.com） - #數位轉型 #數據治理 #ESG...,https://lv-lv.facebook.com/bwnet.fans/posts/%E6%95%B8%E4%BD%8D%E8%BD%89%E5%9E%8B-%E6%95%B8%E6%93%9A%E6%B2%BB%E7%90%86-esg%E4%BF%84%E7%83%8F%E6%88%B0%E7%88%AD%E6%8E%80%E8%B5%B7%E6%88%B0%E7%88%AD%E5%8F%B2%E4%B8%8A%E6%9C%80%E5%A4%A7%E8%A6%8F%E6%A8%A1%E7%9A%84%E7%B6%B2%E8%BB%8D%E8%88%87%E6%95%B8%E6%93%9A%E6%88%B0%E4%B8%8D%E5%83%85%E5%90%84%E5%9C%8B%E6%83%85%E5%A0%B1%E5%96%AE%E4%BD%8D%E8%88%87%E8%B7%A8%E5%9C%8B%E9%A7%AD%E5%AE%A2%E7%B5%84%E7%B9%94%E9%80%A3%E7%A7%91%E6%8A%80%E5%B7%A8%E9%A0%AD%E5%A6%82%E5%BE%AE%E8%BB%9F%E7%AD%89%E9%83%BD%E5%8A%A0%E5%85%A5%E9%80%99%E5%A0%B4%E6%88%B0%E5%BD%B9%E9%99%A4%E4%BA%86%E7%9C%8B%E7%86%B1%E9%AC%A7%E9%82%84%E8%83%BD%E5%BE%9E%E4%B8%AD%E7%9C%8B%E5%87%BA%E4%BB%80%E9%BA%BC%E9%96%80%E9%81%93/10158362974891837/,#數位轉型 #數據治理 #ESG 俄烏戰爭掀起戰爭史上最大規模的網軍與數據戰，不僅各國情報單位與跨國駭客組織 ...,
pa-in.facebook.com › huangxinjianhsinchienhuang#2022智慧城市展 #數據治理 ＃美學導入數據科技藝術... - 黃心健 Hsin-Chien...,https://pa-in.facebook.com/huangxinjianhsinchienhuang/posts/2022%E6%99%BA%E6%85%A7%E5%9F%8E%E5%B8%82%E5%B1%95-%E6%95%B8%E6%93%9A%E6%B2%BB%E7%90%86-%E7%BE%8E%E5%AD%B8%E5%B0%8E%E5%85%A5%E6%95%B8%E6%93%9A%E7%A7%91%E6%8A%80%E8%97%9D%E8%A1%93-2022%E6%99%BA%E6%85%A7%E5%9F%8E%E5%B8%82%E5%B1%95%E5%8D%B3%E6%97%A5%E8%B5%B7%E8%87%B3325%E6%96%BC%E5%8F%B0%E5%8C%97%E5%8D%97%E6%B8%AF%E5%B1%95%E8%A6%BD%E9%A4%A82%E9%A4%A8%E5%B1%95%E5%87%BA%E4%BB%8A%E5%B9%B4%E5%8F%B0%E5%8C%97%E9%A4%A8%E7%9A%84%E5%B1%95%E8%A6%BD%E8%81%9A%E7%84%A6%E6%95%B8%E6%93%9A%E6%B2%BB%E7%90%86%E5%B1%95%E7%A4%BA%E5%89%B5%E6%96%B0%E5%8F%8A%E8%B7%A8%E9%A0%98%E5%9F%9F%E6%87%89%E7%94%A8%E5%85%B6%E4%B8%AD/2237317269742551/,#2022智慧城市展 #數據治理 ＃美學導入數據科技藝術...,
sr-rs.facebook.com › systextaiwan › postsSYSTEX 精誠資訊 - 您有下列困擾嗎...,https://sr-rs.facebook.com/systextaiwan/posts/%E6%82%A8%E6%9C%89%E4%B8%8B%E5%88%97%E5%9B%B0%E6%93%BE%E5%97%8E%E6%95%B8%E6%93%9A%E9%81%8E%E6%96%BC%E5%88%86%E6%95%A3%E6%95%B4%E5%90%88%E4%BD%BF%E7%94%A8%E9%BA%BB%E7%85%A9%E7%AE%A1%E7%90%86%E6%88%90%E6%9C%AC%E4%B9%9F%E5%8F%AF%E8%A7%80%E7%84%A1%E6%B3%95%E5%8D%B3%E6%99%82%E5%8F%96%E5%BE%97%E6%9C%89%E6%95%88%E6%95%B8%E6%93%9A%E9%9B%A3%E4%BB%A5%E6%87%89%E4%BB%98%E4%B8%BB%E7%AE%A1%E6%A9%9F%E9%97%9C%E9%9C%80%E6%B1%82%E5%85%A7%E9%83%A8%E5%93%A1%E5%B7%A5%E7%BC%BA%E4%B9%8F%E6%95%B8%E6%93%9A%E6%80%9D%E7%B6%AD%E8%B3%87%E6%96%99%E7%AE%A1%E7%90%86%E6%93%8D%E4%BD%9C%E7%9B%B8%E5%B0%8D%E5%9B%B0%E9%9B%A3-%E7%82%BA%E5%8D%94%E5%8A%A9%E5%84%AA%E5%8C%96%E4%BC%81%E6%A5%AD%E7%87%9F%E9%81%8Bsyst/5321472441272476/,您有下列困擾嗎 數據過於分散，整合使用麻煩，管理成本也可觀 無法即時取得有效數據，難以應付主管機關需求 ...,
cs-cz.facebook.com › bwnet › posts商業周刊（商周.com） - #數位轉型 #數據治理 #ESG...,https://cs-cz.facebook.com/bwnet.fans/posts/%E6%95%B8%E4%BD%8D%E8%BD%89%E5%9E%8B-%E6%95%B8%E6%93%9A%E6%B2%BB%E7%90%86-esg%E4%BF%84%E7%83%8F%E6%88%B0%E7%88%AD%E6%8E%80%E8%B5%B7%E6%88%B0%E7%88%AD%E5%8F%B2%E4%B8%8A%E6%9C%80%E5%A4%A7%E8%A6%8F%E6%A8%A1%E7%9A%84%E7%B6%B2%E8%BB%8D%E8%88%87%E6%95%B8%E6%93%9A%E6%88%B0%E4%B8%8D%E5%83%85%E5%90%84%E5%9C%8B%E6%83%85%E5%A0%B1%E5%96%AE%E4%BD%8D%E8%88%87%E8%B7%A8%E5%9C%8B%E9%A7%AD%E5%AE%A2%E7%B5%84%E7%B9%94%E9%80%A3%E7%A7%91%E6%8A%80%E5%B7%A8%E9%A0%AD%E5%A6%82%E5%BE%AE%E8%BB%9F%E7%AD%89%E9%83%BD%E5%8A%A0%E5%85%A5%E9%80%99%E5%A0%B4%E6%88%B0%E5%BD%B9%E9%99%A4%E4%BA%86%E7%9C%8B%E7%86%B1%E9%AC%A7%E9%82%84%E8%83%BD%E5%BE%9E%E4%B8%AD%E7%9C%8B%E5%87%BA%E4%BB%80%E9%BA%BC%E9%96%80%E9%81%93/10158362974891837/,#數位轉型 #數據治理 #ESG 俄烏戰爭掀起戰爭史上最大規模的網軍與數據戰，不僅各國情報單位與跨國駭客組織 ...,
et-ee.facebook.com › DoctorKoWJ › videos交通運輸政策記者會｜以人為本 服務導向 數據治理 永續運輸 |...,https://et-ee.facebook.com/DoctorKoWJ/videos/%E4%BA%A4%E9%80%9A%E9%81%8B%E8%BC%B8%E6%94%BF%E7%AD%96%E8%A8%98%E8%80%85%E6%9C%83%E4%BB%A5%E4%BA%BA%E7%82%BA%E6%9C%AC-%E6%9C%8D%E5%8B%99%E5%B0%8E%E5%90%91-%E6%95%B8%E6%93%9A%E6%B2%BB%E7%90%86-%E6%B0%B8%E7%BA%8C%E9%81%8B%E8%BC%B8/663307469217904/,臺灣的交通狀況混亂，美國媒體 CNN甚至曾經以「living hell」(行人地獄)來形容，光2022年因為交通事故就造成超過3000人死亡 ...,"Dec 11, 2023 ·"
en-gb.facebook.com › bwnet › posts商業周刊（商周.com） - #數位轉型 #數據治理 #ESG...,https://en-gb.facebook.com/bwnet.fans/posts/%E6%95%B8%E4%BD%8D%E8%BD%89%E5%9E%8B-%E6%95%B8%E6%93%9A%E6%B2%BB%E7%90%86-esg%E4%BF%84%E7%83%8F%E6%88%B0%E7%88%AD%E6%8E%80%E8%B5%B7%E6%88%B0%E7%88%AD%E5%8F%B2%E4%B8%8A%E6%9C%80%E5%A4%A7%E8%A6%8F%E6%A8%A1%E7%9A%84%E7%B6%B2%E8%BB%8D%E8%88%87%E6%95%B8%E6%93%9A%E6%88%B0%E4%B8%8D%E5%83%85%E5%90%84%E5%9C%8B%E6%83%85%E5%A0%B1%E5%96%AE%E4%BD%8D%E8%88%87%E8%B7%A8%E5%9C%8B%E9%A7%AD%E5%AE%A2%E7%B5%84%E7%B9%94%E9%80%A3%E7%A7%91%E6%8A%80%E5%B7%A8%E9%A0%AD%E5%A6%82%E5%BE%AE%E8%BB%9F%E7%AD%89%E9%83%BD%E5%8A%A0%E5%85%A5%E9%80%99%E5%A0%B4%E6%88%B0%E5%BD%B9%E9%99%A4%E4%BA%86%E7%9C%8B%E7%86%B1%E9%AC%A7%E9%82%84%E8%83%BD%E5%BE%9E%E4%B8%AD%E7%9C%8B%E5%87%BA%E4%BB%80%E9%BA%BC%E9%96%80%E9%81%93/10158362974891837/,#數位轉型 #數據治理 #ESG 俄烏戰爭掀起戰爭史上最大規模的網軍與數據戰，不僅各國情報單位與跨國駭客組織 ...,"May 11, 2022 ·"
es-la.facebook.com › FutureCity › videos主場連線・國際對話｜台北2022新雙城線上論壇 #台北市連線海牙市 | 主場連線・國際對話｜台北2022新雙城線上論壇...,https://es-la.facebook.com/FutureCity.CWGroup/videos/%E4%B8%BB%E5%A0%B4%E9%80%A3%E7%B7%9A%E5%9C%8B%E9%9A%9B%E5%B0%8D%E8%A9%B1%E5%8F%B0%E5%8C%972022%E6%96%B0%E9%9B%99%E5%9F%8E%E7%B7%9A%E4%B8%8A%E8%AB%96%E5%A3%87-%E5%8F%B0%E5%8C%97%E5%B8%82%E9%80%A3%E7%B7%9A%E6%B5%B7%E7%89%99%E5%B8%82/1798306250555415/,主場連線・國際對話｜台北2022新雙城線上論壇 #03 數據治理｜智慧應對城市新挑戰 隨著科技驅動城市快速發展 ...,
el-gr.facebook.com › DoctorKoWJ › videos交通運輸政策記者會｜以人為本 服務導向 數據治理 永續運輸 |...,https://el-gr.facebook.com/DoctorKoWJ/videos/%E4%BA%A4%E9%80%9A%E9%81%8B%E8%BC%B8%E6%94%BF%E7%AD%96%E8%A8%98%E8%80%85%E6%9C%83%E4%BB%A5%E4%BA%BA%E7%82%BA%E6%9C%AC-%E6%9C%8D%E5%8B%99%E5%B0%8E%E5%90%91-%E6%95%B8%E6%93%9A%E6%B2%BB%E7%90%86-%E6%B0%B8%E7%BA%8C%E9%81%8B%E8%BC%B8/663307469217904/,臺灣的交通狀況混亂，美國媒體 CNN甚至曾經以「living hell」(行人地獄)來形容，光2022年因為交通事故就造成超過3000人死亡 ...,"Dec 11, 2023 ·"
th-th.facebook.com › DoctorKoWJ › videos交通運輸政策記者會｜以人為本 服務導向 數據治理 永續運輸 |...,https://th-th.facebook.com/DoctorKoWJ/videos/%E4%BA%A4%E9%80%9A%E9%81%8B%E8%BC%B8%E6%94%BF%E7%AD%96%E8%A8%98%E8%80%85%E6%9C%83%E4%BB%A5%E4%BA%BA%E7%82%BA%E6%9C%AC-%E6%9C%8D%E5%8B%99%E5%B0%8E%E5%90%91-%E6%95%B8%E6%93%9A%E6%B2%BB%E7%90%86-%E6%B0%B8%E7%BA%8C%E9%81%8B%E8%BC%B8/663307469217904/,臺灣的交通狀況混亂，美國媒體 CNN甚至曾經以「living hell」(行人地獄)來形容，光2022年因為交通事故就造成超過3000人死亡 ...,"Dec 11, 2023 ·"
id-id.facebook.com › communeitnews › postsIT value研討社 - 「數據治理：數據集成架構的演進」...,https://id-id.facebook.com/communeitnews/posts/%E6%95%B8%E6%93%9A%E6%B2%BB%E7%90%86%E6%95%B8%E6%93%9A%E9%9B%86%E6%88%90%E6%9E%B6%E6%A7%8B%E7%9A%84%E6%BC%94%E9%80%B2%E4%BC%81%E6%A5%AD%E6%87%89%E7%94%A8%E9%9B%86%E6%88%90%E6%8A%80%E8%A1%93%E6%98%AF%E4%BC%B4%E9%9A%A8%E7%9D%80%E4%BC%81%E6%A5%AD%E4%BF%A1%E6%81%AF%E7%B3%BB%E7%B5%B1%E7%9A%84%E7%99%BC%E5%B1%95%E8%80%8C%E7%94%A2%E7%94%9F%E5%92%8C%E6%BC%94%E8%AE%8A%E7%9A%84%E9%9A%A8%E7%9D%80%E6%96%B0%E6%8A%80%E8%A1%93%E7%9A%84%E7%99%BC%E5%B1%95%E5%92%8C%E4%BC%81%E6%A5%AD%E6%A5%AD%E5%8B%99%E9%9C%80%E6%B1%82%E7%9A%84%E8%AE%8A%E5%8C%96%E6%95%B8%E6%93%9A%E9%9B%86%E6%88%90%E6%9E%B6%E6%A7%8B%E4%B9%9F%E8%B7%9F%E7%9D%80%E7%99%BC%E7%94%9F%E7%9D%80%E8%AE%8A%E9%81%B7%E6%95%B8%E6%93%9A%E9%9B%86%E6%88%90%E6%9E%B6%E6%A7%8B%E7%9A%84/605353717616803/,「數據治理：數據集成架構的演進」 企業應用集成技術是伴隨着企業信息系統的發展而產生和演變的 ...,"Jul 5, 2022 ·"
sl-si.facebook.com › bwnet › posts商業周刊（商周.com） - #數位轉型 #數據治理 #ESG...,https://sl-si.facebook.com/bwnet.fans/posts/%E6%95%B8%E4%BD%8D%E8%BD%89%E5%9E%8B-%E6%95%B8%E6%93%9A%E6%B2%BB%E7%90%86-esg%E4%BF%84%E7%83%8F%E6%88%B0%E7%88%AD%E6%8E%80%E8%B5%B7%E6%88%B0%E7%88%AD%E5%8F%B2%E4%B8%8A%E6%9C%80%E5%A4%A7%E8%A6%8F%E6%A8%A1%E7%9A%84%E7%B6%B2%E8%BB%8D%E8%88%87%E6%95%B8%E6%93%9A%E6%88%B0%E4%B8%8D%E5%83%85%E5%90%84%E5%9C%8B%E6%83%85%E5%A0%B1%E5%96%AE%E4%BD%8D%E8%88%87%E8%B7%A8%E5%9C%8B%E9%A7%AD%E5%AE%A2%E7%B5%84%E7%B9%94%E9%80%A3%E7%A7%91%E6%8A%80%E5%B7%A8%E9%A0%AD%E5%A6%82%E5%BE%AE%E8%BB%9F%E7%AD%89%E9%83%BD%E5%8A%A0%E5%85%A5%E9%80%99%E5%A0%B4%E6%88%B0%E5%BD%B9%E9%99%A4%E4%BA%86%E7%9C%8B%E7%86%B1%E9%AC%A7%E9%82%84%E8%83%BD%E5%BE%9E%E4%B8%AD%E7%9C%8B%E5%87%BA%E4%BB%80%E9%BA%BC%E9%96%80%E9%81%93/10158362974891837/,#數位轉型 #數據治理 #ESG 俄烏戰爭掀起戰爭史上最大規模的網軍與數據戰，不僅各國情報單位與跨國駭客組織 ...,"May 11, 2022 ·"
pl-pl.facebook.com › DoctorKoWJ › videos交通運輸政策記者會｜以人為本 服務導向 數據治理 永續運輸 |...,https://pl-pl.facebook.com/DoctorKoWJ/videos/%E4%BA%A4%E9%80%9A%E9%81%8B%E8%BC%B8%E6%94%BF%E7%AD%96%E8%A8%98%E8%80%85%E6%9C%83%E4%BB%A5%E4%BA%BA%E7%82%BA%E6%9C%AC-%E6%9C%8D%E5%8B%99%E5%B0%8E%E5%90%91-%E6%95%B8%E6%93%9A%E6%B2%BB%E7%90%86-%E6%B0%B8%E7%BA%8C%E9%81%8B%E8%BC%B8/663307469217904/,臺灣的交通狀況混亂，美國媒體 CNN甚至曾經以「living hell」(行人地獄)來形容，光2022年因為交通事故就造成超過3000人死亡 ...,"Dec 11, 2023 ·"
id-id.facebook.com › DoctorKoWJ › videos交通運輸政策記者會｜以人為本 服務導向 數據治理 永續運輸 |...,https://id-id.facebook.com/DoctorKoWJ/videos/%E4%BA%A4%E9%80%9A%E9%81%8B%E8%BC%B8%E6%94%BF%E7%AD%96%E8%A8%98%E8%80%85%E6%9C%83%E4%BB%A5%E4%BA%BA%E7%82%BA%E6%9C%AC-%E6%9C%8D%E5%8B%99%E5%B0%8E%E5%90%91-%E6%95%B8%E6%93%9A%E6%B2%BB%E7%90%86-%E6%B0%B8%E7%BA%8C%E9%81%8B%E8%BC%B8/663307469217904/,臺灣的交通狀況混亂，美國媒體 CNN甚至曾經以「living hell」(行人地獄)來形容，光2022年因為交通事故就造成超過3000人死亡 ...,"Dec 11, 2023 ·"
fr-ca.facebook.com › DoctorKoWJ › videos交通運輸政策記者會｜以人為本 服務導向 數據治理 永續運輸 |...,https://fr-ca.facebook.com/DoctorKoWJ/videos/%E4%BA%A4%E9%80%9A%E9%81%8B%E8%BC%B8%E6%94%BF%E7%AD%96%E8%A8%98%E8%80%85%E6%9C%83%E4%BB%A5%E4%BA%BA%E7%82%BA%E6%9C%AC-%E6%9C%8D%E5%8B%99%E5%B0%8E%E5%90%91-%E6%95%B8%E6%93%9A%E6%B2%BB%E7%90%86-%E6%B0%B8%E7%BA%8C%E9%81%8B%E8%BC%B8/663307469217904/,臺灣的交通狀況混亂，美國媒體 CNN甚至曾經以「living hell」(行人地獄)來形容，光2022年因為交通事故就造成超過3000人死亡 ...,"Dec 11, 2023 ·"
ka-ge.facebook.com › huangxinjianhsinchienhuang#2022智慧城市展 #數據治理 ＃美學導入數據科技藝術... - 黃心健 Hsin-Chien Huang |...,https://ka-ge.facebook.com/huangxinjianhsinchienhuang/posts/2022%E6%99%BA%E6%85%A7%E5%9F%8E%E5%B8%82%E5%B1%95-%E6%95%B8%E6%93%9A%E6%B2%BB%E7%90%86-%E7%BE%8E%E5%AD%B8%E5%B0%8E%E5%85%A5%E6%95%B8%E6%93%9A%E7%A7%91%E6%8A%80%E8%97%9D%E8%A1%93-2022%E6%99%BA%E6%85%A7%E5%9F%8E%E5%B8%82%E5%B1%95%E5%8D%B3%E6%97%A5%E8%B5%B7%E8%87%B3325%E6%96%BC%E5%8F%B0%E5%8C%97%E5%8D%97%E6%B8%AF%E5%B1%95%E8%A6%BD%E9%A4%A82%E9%A4%A8%E5%B1%95%E5%87%BA%E4%BB%8A%E5%B9%B4%E5%8F%B0%E5%8C%97%E9%A4%A8%E7%9A%84%E5%B1%95%E8%A6%BD%E8%81%9A%E7%84%A6%E6%95%B8%E6%93%9A%E6%B2%BB%E7%90%86%E5%B1%95%E7%A4%BA%E5%89%B5%E6%96%B0%E5%8F%8A%E8%B7%A8%E9%A0%98%E5%9F%9F%E6%87%89%E7%94%A8%E5%85%B6%E4%B8%AD/2237317269742551/,#2022智慧城市展 #數據治理 ＃美學導入數據科技藝術 2022智慧城市展即日起至3/25於台北南港展覽館2館展出 ...,
